{"cameraMode":{"drawMode":0,"name":"Shaded","section":"Shading Mode"},"sceneLighting":true,"audioPlay":false,"sceneViewState":{"m_AlwaysRefresh":true,"showFog":true,"showSkybox":false,"showFlares":true,"showImageEffects":true,"showParticleSystems":true,"showVisualEffectGraphs":true,"m_FxEnabled":true},"in2DMode":false,"pivot":{"x":-5.17861270904541,"y":0.24709880352020265,"z":0.30294108390808108},"rotation":{"x":-0.14240188896656037,"y":-0.6534438133239746,"z":0.12702621519565583,"w":-0.732542097568512},"size":0.35327085852622988,"orthographic":false}