{"cameraMode":{"drawMode":0,"name":"Shaded","section":"Shading Mode"},"sceneLighting":false,"audioPlay":false,"sceneViewState":{"m_AlwaysRefresh":true,"showFog":true,"showSkybox":false,"showFlares":true,"showImageEffects":true,"showParticleSystems":true,"showVisualEffectGraphs":true,"m_FxEnabled":true},"in2DMode":false,"pivot":{"x":4.619154930114746,"y":-13.357999801635743,"z":21.355709075927736},"rotation":{"x":0.2710442543029785,"y":0.09969031065702439,"z":-0.028235068544745446,"w":0.9569804072380066},"size":20.18274688720703,"orthographic":false}